﻿State,Number of Nursing Homes in 2017
Alabama,228
Alaska,18
Arizona,145
Arkansas,231
California,1198
Colorado,221
Connecticut,223
Delaware,45
District of Columbia,18
Florida,690
Georgia,359
Hawaii,42
Idaho,71
Illinois,731
Indiana,552
Iowa,437
Kansas,276
Kentucky,285
Louisiana,277
Maine,100
Maryland,226
Massachusetts,399
Michigan,443
Minnesota,375
Mississippi,204
Missouri,518
Montana,72
Nebraska,214
Nevada,61
New Hampshire,74
New Jersey,364
New Mexico,74
New York,609
North Carolina,429
North Dakota,80
Ohio,966
Oklahoma,303
Oregon,136
Pennsylvania,693
Rhode Island,83
South Carolina,191
South Dakota,108
Tennessee,314
Texas,1227
Utah,99
Vermont,36
Virginia,286
Washington,217
West Virginia,123
Wisconsin,374
Wyoming,38